source_image,ground_truth_folder,wide_prediction,real_probability,fake_probability,confidence,correct,evidence_folder,gradcam_mean,gradcam_max,gradcam_plus_plus_mean,gradcam_plus_plus_max,score_cam_mean,score_cam_max,integrated_gradients_mean,integrated_gradients_max,lime_mean,lime_max
XAI\dataset\real\image1.png,REAL,REAL,0.99996805,0.00003195,0.99996805,yes,XAI\results\real\image1,0.15573588,1.00000000,0.12793413,1.00000000,0.34332180,1.00000000,0.11202259,1.00000000,0.18752512,1.00000000
XAI\dataset\real\image2.png,REAL,REAL,0.99953616,0.00046384,0.99953616,yes,XAI\results\real\image2,0.19742155,1.00000000,0.12817255,1.00000000,0.54375726,1.00000000,0.11667188,1.00000000,0.05016327,1.00000000
XAI\dataset\real\image3.png,REAL,REAL,0.99870574,0.00129426,0.99870574,yes,XAI\results\real\image3,0.11825974,1.00000000,0.07622842,1.00000000,0.42432523,1.00000000,0.16187389,1.00000000,0.14507958,1.00000000
XAI\dataset\real\image4.png,REAL,REAL,0.99551892,0.00448108,0.99551892,yes,XAI\results\real\image4,0.04973849,1.00000000,0.04295556,1.00000000,0.13811655,1.00000000,0.09973860,1.00000000,0.00000000,0.00000000
XAI\dataset\real\image5.png,REAL,REAL,0.65057516,0.34942484,0.65057516,yes,XAI\results\real\image5,0.11655270,1.00000000,0.05449330,1.00000000,0.19763397,1.00000000,0.12444406,1.00000000,0.15492611,1.00000000
XAI\dataset\fake\image1.png,FAKE,REAL,0.61676455,0.38323545,0.61676455,no,XAI\results\fake\image1,0.09650010,1.00000000,0.06348720,1.00000000,0.37375501,1.00000000,0.15907246,1.00000000,0.01875305,1.00000000
XAI\dataset\fake\image2.png,FAKE,FAKE,0.00000242,0.99999758,0.99999758,yes,XAI\results\fake\image2,0.11226130,1.00000000,0.08936279,1.00000000,0.17914236,1.00000000,0.12877324,1.00000000,0.38102394,1.00000000
XAI\dataset\fake\image3.png,FAKE,FAKE,0.00759167,0.99240833,0.99240833,yes,XAI\results\fake\image3,0.08737399,1.00000000,0.05389087,1.00000000,0.21980295,1.00000000,0.12332360,1.00000000,0.40418464,1.00000000
XAI\dataset\fake\image4.png,FAKE,FAKE,0.00012035,0.99987965,0.99987965,yes,XAI\results\fake\image4,0.12453684,1.00000000,0.10376070,1.00000000,0.23968537,1.00000000,0.13619834,1.00000000,0.34493053,1.00000000
XAI\dataset\fake\image5.png,FAKE,FAKE,0.06768531,0.93231469,0.93231469,yes,XAI\results\fake\image5,0.10848229,1.00000000,0.06523277,1.00000000,0.21420202,1.00000000,0.08826756,1.00000000,0.39796001,1.00000000
